City_ID,City,Lat,Lng,Max Temp,Humidity,Cloudiness,Wind Speed,Country,Date
0,lebu,-37.6167,-37.6167,17.41,71,66,4.26,CL,1680371858
1,thompson,55.7435,55.7435,-10.91,48,20,3.6,CA,1680371859
2,sisimiut,66.9395,66.9395,-9.66,66,5,3.74,GL,1680371859
3,hobart,-42.8794,-42.8794,12.37,79,100,5.14,AU,1680371859
4,hovd,48.0056,48.0056,-12.75,40,100,2.73,MN,1680371859
5,pevek,69.7008,69.7008,-22.83,97,100,6.52,RU,1680371860
6,portland,45.5234,45.5234,8.01,88,75,6.17,US,1680371376
7,severo-kurilsk,50.6789,50.6789,-0.18,86,8,6.57,RU,1680371860
8,kapaa,22.0752,22.0752,22.18,93,100,3.6,US,1680371738
9,asau,46.4333,46.4333,8.51,90,100,0.64,RO,1680371861
10,atuona,-9.8,-9.8,26.86,78,77,7.1,PF,1680371861
11,cape town,-33.9258,-33.9258,19.39,79,0,6.17,ZA,1680371861
12,butaritari,3.0707,3.0707,27.45,74,100,5.19,KI,1680371861
13,gumla,23.05,23.05,21.95,41,35,2.5,IN,1680371861
14,vanavara,60.34,60.34,-23.81,100,38,1.09,RU,1680371862
15,sungaipenuh,-2.0833,-2.0833,17.52,94,100,0.63,ID,1680371862
16,new norfolk,-42.7826,-42.7826,12.18,79,100,1.22,AU,1680371862
17,bambous virieux,-20.3428,-20.3428,26.79,78,20,2.57,MU,1680371862
18,longyearbyen,78.2186,78.2186,-12.09,67,75,5.14,SJ,1680371862
19,hermanus,-34.4187,-34.4187,18.22,76,0,5.61,ZA,1680371722
20,kodiak,57.79,57.79,0.73,55,0,10.8,US,1680371668
21,mataura,-46.1927,-46.1927,13.04,96,63,2.55,NZ,1680371863
22,ushuaia,-54.8,-54.8,7.81,66,0,2.57,AR,1680371863
23,deputatskiy,69.3,69.3,-33.2,100,58,2.58,RU,1680371863
24,kuala terengganu,5.3302,5.3302,26.97,89,20,1.03,MY,1680371864
25,rawson,-43.3002,-43.3002,25.19,28,79,9.71,AR,1680371822
26,rikitea,-23.1203,-23.1203,26.68,81,30,6.45,PF,1680371864
27,dikson,73.5069,73.5069,-9.15,93,100,5.98,RU,1680371864
28,chalus,36.655,36.655,7.7,93,100,0.0,IR,1680371865
29,vaini,-21.2,-21.2,25.09,94,20,3.09,TO,1680371801
30,zhigansk,66.7697,66.7697,-27.35,100,80,3.08,RU,1680371865
31,parana,-31.732,-31.732,23.61,44,0,3.48,AR,1680371808
32,addis abeba,9.025,9.025,14.55,78,100,1.75,ET,1680371793
33,busselton,-33.65,-33.65,14.97,88,1,3.67,AU,1680371866
34,najran,17.4924,17.4924,27.36,36,54,2.52,SA,1680371866
35,surt,31.2089,31.2089,21.97,35,1,5.8,LY,1680371866
36,bireun,5.203,5.203,26.23,83,87,2.16,ID,1680371867
37,punta arenas,-53.15,-53.15,10.06,57,75,11.83,CL,1680371606
38,san cristobal,7.7669,7.7669,19.1,60,93,2.92,VE,1680371867
39,fort-shevchenko,44.5086,44.5086,5.3,92,100,12.13,KZ,1680371868
40,iqaluit,63.7506,63.7506,-11.15,72,100,3.6,CA,1680371869
41,khatanga,71.9667,71.9667,-6.84,93,100,10.37,RU,1680371869
42,vladeni,47.7167,47.7167,12.75,81,75,3.09,RO,1680371869
43,bengkulu,-3.8004,-3.8004,23.63,90,100,1.87,ID,1680371870
44,arraial do cabo,-22.9661,-22.9661,28.98,74,20,6.17,BR,1680371684
45,kavieng,-2.5744,-2.5744,26.81,80,100,1.57,PG,1680371870
46,pringsewu,-5.3582,-5.3582,22.72,90,99,1.74,ID,1680371870
47,port alfred,-33.5906,-33.5906,21.21,85,0,1.79,ZA,1680371870
48,albany,42.6001,42.6001,20.23,68,74,2.68,US,1680371788
49,tevriz,57.509,57.509,-2.5,77,98,4.75,RU,1680371871
50,ribeira grande,38.5167,38.5167,18.22,88,40,8.05,PT,1680371871
51,sangar,63.9242,63.9242,-24.81,92,53,4.57,RU,1680371871
52,tura,25.5198,25.5198,17.52,92,30,0.78,IN,1680371871
53,hilo,19.7297,19.7297,22.92,86,100,2.06,US,1680371872
54,ahuimanu,21.4447,21.4447,24.09,82,75,2.24,US,1680371872
55,estacion coahuila,32.1939,32.1939,22.06,18,2,3.33,MX,1680371872
56,beloha,-25.1667,-25.1667,22.51,89,89,4.49,MG,1680371872
57,castro,-24.7911,-24.7911,25.25,60,6,1.93,BR,1680371873
58,yellowknife,62.456,62.456,-14.71,66,100,8.75,CA,1680371833
59,kununurra,-15.7667,-15.7667,25.99,78,37,0.0,AU,1680371873
60,tiksi,71.6872,71.6872,-19.01,83,49,9.79,RU,1680371873
61,saint-augustin,51.226,51.226,1.69,57,75,4.53,CA,1680371874
62,adrar,20.5022,20.5022,33.23,5,0,4.13,MR,1680371874
63,kassala,15.451,15.451,30.03,15,49,3.9,SD,1680371874
64,santa barbara,34.7333,34.7333,15.17,43,4,1.38,US,1680371874
65,flinders,-34.5833,-34.5833,16.21,88,75,1.34,AU,1680371875
66,bluff,-46.6,-46.6,13.22,86,47,7.62,NZ,1680371713
67,meulaboh,4.1363,4.1363,25.05,88,90,1.61,ID,1680371875
68,panuco,22.05,22.05,33.16,45,65,2.6,MX,1680371876
69,grindavik,63.8424,63.8424,5.26,87,75,12.86,IS,1680371876
70,padang,-0.9492,-0.9492,24.03,87,94,1.58,ID,1680371876
71,ahipara,-35.1667,-35.1667,17.46,93,100,0.21,NZ,1680371877
72,pangnirtung,66.1451,66.1451,-12.0,48,75,2.06,CA,1680371877
73,luwuk,-0.9516,-0.9516,25.1,78,100,1.07,ID,1680371877
74,mehamn,71.0357,71.0357,-2.05,80,100,11.32,NO,1680371878
75,cabo san lucas,22.8909,22.8909,30.34,62,100,1.79,MX,1680371878
76,salalah,17.0151,17.0151,28.05,78,40,3.6,OM,1680371700
77,esperance,-33.8667,-33.8667,18.06,82,99,5.51,AU,1680371878
78,ananas,19.2466,19.2466,33.05,24,5,0.9,HT,1680371879
79,yambio,4.5721,4.5721,25.15,49,89,1.33,SS,1680371879
80,tasiilaq,65.6145,65.6145,-0.71,85,100,2.71,GL,1680371879
81,vardo,70.3705,70.3705,-2.01,86,100,13.38,NO,1680371879
82,turayf,31.6725,31.6725,14.14,30,0,3.09,SA,1680371879
83,carnarvon,-24.8667,-24.8667,24.44,75,71,5.15,AU,1680371879
84,narsaq,60.9167,60.9167,-3.22,67,70,1.5,GL,1680371880
85,nouadhibou,20.931,20.931,35.99,14,0,5.66,MR,1680371880
86,samarai,-10.6167,-10.6167,27.49,78,100,3.67,PG,1680371880
87,norman wells,65.282,65.282,-12.98,78,100,1.03,CA,1680371881
88,southbridge,42.0751,42.0751,15.7,98,100,0.89,US,1680371881
89,husavik,66.0449,66.0449,2.47,90,78,3.55,IS,1680371882
90,itarema,-2.9248,-2.9248,28.47,71,93,3.76,BR,1680371735
91,chokurdakh,70.6333,70.6333,-33.37,100,94,3.12,RU,1680371882
92,banjar,-8.19,-8.19,24.53,91,100,1.9,ID,1680371882
93,jamestown,42.097,42.097,17.8,36,0,9.77,US,1680371845
94,maniitsoq,65.4167,65.4167,-5.71,55,58,0.99,GL,1680371883
95,tinskoy,56.1525,56.1525,-14.46,96,90,0.96,RU,1680371883
96,tuktoyaktuk,69.4541,69.4541,-24.0,70,20,4.63,CA,1680371884
97,upernavik,72.7868,72.7868,-26.52,94,74,5.68,GL,1680371885
98,acapulco,16.8634,16.8634,30.59,47,6,3.82,MX,1680371885
99,touros,-5.1989,-5.1989,28.48,69,100,5.71,BR,1680371673
100,elk city,35.412,35.412,15.12,26,0,4.12,US,1680371885
101,dingli,35.8614,35.8614,16.01,82,0,3.6,MT,1680371886
102,buckie,57.6757,57.6757,7.84,82,100,5.4,GB,1680371886
103,kushima,31.4583,31.4583,15.34,88,100,4.8,JP,1680371886
104,ilulissat,69.2167,69.2167,-20.11,87,22,1.53,GL,1680371887
105,khandbari,27.3747,27.3747,14.83,84,92,0.6,NP,1680371887
106,baracoa,20.3467,20.3467,28.13,64,21,4.88,CU,1680371887
107,coos bay,43.3665,43.3665,9.99,81,75,4.12,US,1680371646
108,leua,48.2156,48.2156,9.36,78,79,2.61,SK,1680371888
109,san borja,-14.8167,-14.8167,33.41,50,82,1.07,BO,1680371888
110,black river,18.0264,18.0264,28.15,63,27,5.4,JM,1680371888
111,kayes,14.0,14.0,39.75,4,2,2.86,ML,1680371889
112,bara,10.3744,10.3744,36.88,12,51,3.79,NG,1680371592
113,chuy,-33.6971,-33.6971,21.39,51,14,6.29,UY,1680371889
114,roald,62.5833,62.5833,6.51,60,0,5.14,NO,1680371890
115,puerto ayora,-0.7393,-0.7393,30.98,86,57,2.68,EC,1680371885
116,neiafu,-18.65,-18.65,25.38,88,40,0.0,TO,1680371890
117,iaciara,-14.0958,-14.0958,34.4,26,2,1.15,BR,1680371890
118,saint-pierre,-21.3393,-21.3393,26.82,78,75,3.09,RE,1680371891
119,belozerskoye,55.8214,55.8214,0.12,73,64,6.29,RU,1680371892
120,klaksvik,62.2266,62.2266,7.51,87,96,9.89,FO,1680371892
121,djambala,-2.5447,-2.5447,22.57,79,70,1.85,CG,1680371892
122,aguimes,27.9054,27.9054,23.7,60,20,11.32,ES,1680371893
123,fortuna,40.5982,40.5982,11.63,87,100,0.89,US,1680371893
124,krasnoselkup,65.7,65.7,-0.76,95,100,12.59,RU,1680371894
125,bolotnoye,55.6717,55.6717,-12.39,89,87,1.3,RU,1680371894
126,praia da vitoria,38.7333,38.7333,19.31,82,20,7.59,PT,1680371894
127,nikolskoye,59.7035,59.7035,0.94,95,100,2.62,RU,1680371895
128,vilhena,-12.7406,-12.7406,31.12,58,75,3.6,BR,1680371659
129,bethel,41.3712,41.3712,19.08,85,100,5.66,US,1680371896
130,nakamura,32.9833,32.9833,13.33,83,100,2.02,JP,1680371896
131,port elizabeth,-33.918,-33.918,19.62,76,0,3.09,ZA,1680371897
132,qasigiannguit,68.8193,68.8193,-21.9,89,37,1.16,GL,1680371897
133,mayo,38.8876,38.8876,22.89,79,75,3.6,US,1680371897
134,broome,42.2506,42.2506,21.72,35,0,5.66,US,1680371898
135,corner brook,48.9667,48.9667,4.09,72,100,3.1,CA,1680371898
136,belaya gora,68.5333,68.5333,-29.05,99,93,1.74,RU,1680371898
137,coihaique,-45.5752,-45.5752,15.34,54,75,4.63,CL,1680371898
138,fenoarivo,-18.933,-18.933,20.04,83,40,4.12,MG,1680371899
139,platanos,37.6667,37.6667,16.16,96,96,1.76,GR,1680371899
140,atar,20.5169,20.5169,35.89,4,0,7.06,MR,1680371899
141,saint-philippe,-21.3585,-21.3585,26.77,85,55,5.07,RE,1680371900
142,rumoi,43.9344,43.9344,0.59,92,57,1.68,JP,1680371900
143,flin flon,54.7682,54.7682,-6.09,63,20,4.63,CA,1680371752
144,vijapur,23.5667,23.5667,26.01,29,2,2.75,IN,1680371900
145,morehead,37.2711,37.2711,13.86,35,0,11.83,US,1680371753
146,faya,18.3851,18.3851,18.06,73,88,3.22,SA,1680371901
147,srednekolymsk,67.45,67.45,-27.02,100,100,2.54,RU,1680371902
148,richmond,37.5538,37.5538,21.89,84,75,6.69,US,1680371664
149,kodinar,20.7903,20.7903,24.2,77,42,5.05,IN,1680371903
150,mount gambier,-37.8333,-37.8333,9.19,83,40,0.43,AU,1680371903
151,santa cruz naranjo,14.3881,14.3881,27.75,26,10,1.12,GT,1680371903
152,kearney,40.6995,40.6995,8.47,41,0,2.68,US,1680371904
153,menomonie,44.8755,44.8755,1.57,60,0,5.14,US,1680371699
154,san policarpo,12.1791,12.1791,25.67,81,44,1.17,PH,1680371904
155,qaanaaq,77.484,77.484,-22.51,74,7,1.48,GL,1680371904
156,port lincoln,-34.7333,-34.7333,14.08,66,29,4.86,AU,1680371905
157,tutoia,-2.7619,-2.7619,25.47,89,100,3.38,BR,1680371905
158,san fernando,15.0286,15.0286,27.85,76,69,0.92,PH,1680371905
159,camacha,33.0833,33.0833,17.68,77,20,7.2,PT,1680371905
160,smithers,54.7804,54.7804,2.18,64,20,2.57,CA,1680371906
161,oriximina,-1.7656,-1.7656,30.76,57,87,1.45,BR,1680371806
162,oneonta,42.4529,42.4529,20.45,45,47,6.75,US,1680371907
163,vestmannaeyjar,63.4427,63.4427,6.55,70,75,9.26,IS,1680371907
164,tezu,27.9167,27.9167,17.89,98,100,0.29,IN,1680371907
165,batagay,67.6333,67.6333,-31.6,100,91,0.87,RU,1680371908
166,bredasdorp,-34.5322,-34.5322,17.26,92,0,2.63,ZA,1680371908
167,udachnyy,66.4167,66.4167,-14.75,50,92,6.74,RU,1680371909
168,molchanovo,57.5817,57.5817,-6.79,78,100,3.0,RU,1680371909
169,bathsheba,13.2167,13.2167,29.34,61,40,9.77,BB,1680371909
170,khanpur,28.6453,28.6453,27.86,34,47,1.68,PK,1680371631
171,oksfjord,70.2396,70.2396,-1.9,87,100,4.51,NO,1680371910
172,leningradskiy,69.3833,69.3833,-14.36,93,100,11.21,RU,1680371910
173,mbandaka,0.0487,0.0487,25.32,71,64,1.42,CD,1680371911
174,ulverstone,-41.15,-41.15,10.12,75,88,2.06,AU,1680371911
175,avarua,-21.2078,-21.2078,26.03,89,75,2.06,CK,1680371716
176,tazovskiy,67.4667,67.4667,0.3,96,100,9.05,RU,1680371912
177,srikakulam,18.3,18.3,27.23,80,86,3.99,IN,1680371612
178,tete,-16.1564,-16.1564,24.05,100,75,0.0,MZ,1680371912
179,kilindoni,-7.9139,-7.9139,27.92,78,62,5.4,TZ,1680371913
180,saskylakh,71.9167,71.9167,-10.7,92,100,7.25,RU,1680371914
181,tuatapere,-46.1333,-46.1333,11.58,94,71,5.98,NZ,1680371914
182,yeppoon,-23.1333,-23.1333,19.88,93,100,6.1,AU,1680371914
183,kaitangata,-46.2817,-46.2817,11.07,89,88,3.77,NZ,1680371915
184,howard,39.2504,39.2504,23.69,65,71,2.68,US,1680371915
185,roma,43.2128,43.2128,21.32,33,47,3.13,US,1680371915
186,shu,43.5983,43.5983,3.47,24,0,5.64,KZ,1680371916
187,cidreira,-30.1811,-30.1811,21.86,59,58,7.24,BR,1680371916
188,calabazar de sagua,22.6447,22.6447,31.49,45,3,5.9,CU,1680371917
189,provideniya,64.3833,64.3833,-5.95,96,97,4.26,RU,1680371917
190,kaoma,-14.7833,-14.7833,17.98,97,79,2.36,ZM,1680371917
191,davenport,41.5236,41.5236,5.09,71,100,11.83,US,1680371917
192,megion,61.0296,61.0296,3.01,79,100,8.34,RU,1680371917
193,souillac,-20.5167,-20.5167,26.21,78,20,2.57,MU,1680371917
194,cherskiy,68.75,68.75,-32.98,100,99,0.23,RU,1680371918
195,azangaro,-14.9167,-14.9167,13.21,43,100,0.82,PE,1680371918
196,ulladulla,-35.35,-35.35,14.32,90,92,3.83,AU,1680371918
197,teknaf,20.8624,20.8624,23.96,79,13,0.99,BD,1680371919
198,nhulunbuy,-12.2333,-12.2333,25.34,94,77,0.0,AU,1680371919
199,cayenne,4.9333,4.9333,28.02,69,75,5.66,GF,1680371763
200,santa cruz,-17.8,-17.8,29.03,70,75,6.69,BO,1680371781
201,sao filipe,14.8961,14.8961,26.49,60,0,3.03,CV,1680371919
202,apac,1.9756,1.9756,18.61,96,49,1.74,UG,1680371920
203,lasa,46.6166,46.6166,9.49,86,99,1.89,IT,1680371921
204,san jose,37.3394,37.3394,16.17,55,20,1.79,US,1680371779
205,sitka,57.0531,57.0531,2.94,75,40,0.0,US,1680371921
206,lixourion,38.2019,38.2019,15.38,82,88,3.94,GR,1680371921
207,nyborg,55.3127,55.3127,4.12,70,44,5.66,DK,1680371921
208,tommot,58.9564,58.9564,-14.49,96,100,2.37,RU,1680371922
209,shitanjing,39.2342,39.2342,5.91,49,100,8.74,CN,1680371922
210,coro,11.4045,11.4045,28.96,63,39,9.81,VE,1680371666
211,svetlogorsk,52.6333,52.6333,8.38,92,100,4.68,BY,1680371922
212,mar del plata,-38.0023,-38.0023,21.02,56,0,3.6,AR,1680371923
213,devonport,-41.1667,-41.1667,10.01,75,80,1.36,AU,1680371923
214,samana,19.2056,19.2056,31.12,58,20,5.14,DO,1680371923
215,bojnurd,37.4747,37.4747,5.97,81,75,6.17,IR,1680371923
216,kamloops,50.6665,50.6665,7.55,53,75,2.06,CA,1680371737
217,jibuti,11.5,11.5,27.46,63,100,4.48,DJ,1680371924
218,synevyr,48.4875,48.4875,6.12,87,99,0.88,UA,1680371924
219,yablochnyy,47.1661,47.1661,-1.93,88,9,1.67,RU,1680371924
220,le vauclin,14.5452,14.5452,29.03,61,75,9.26,MQ,1680371924
221,coari,-4.085,-4.085,25.45,95,98,0.47,BR,1680371925
222,tessalit,20.1986,20.1986,30.6,5,0,3.62,ML,1680371925
223,pisco,-13.7,-13.7,25.03,83,0,3.6,PE,1680371925
224,pimentel,-6.8367,-6.8367,30.16,58,20,5.14,PE,1680371925
225,bhilwara,25.35,25.35,24.3,30,20,1.8,IN,1680371764
226,porto belo,-27.1578,-27.1578,26.49,59,43,7.84,BR,1680371925
227,saint george,37.1041,37.1041,14.13,44,0,2.24,US,1680371837
228,zhuanghe,39.7008,39.7008,9.76,42,13,1.28,CN,1680371926
229,hay river,60.8156,60.8156,-9.01,73,100,5.14,CA,1680371926
230,beringovskiy,63.05,63.05,-8.0,65,64,11.41,RU,1680371926
231,mineiros,-17.5694,-17.5694,25.99,67,66,1.51,BR,1680371926
232,opuwo,-18.0607,-18.0607,24.97,44,80,1.39,NA,1680371927
233,moose factory,51.2585,51.2585,-10.0,57,0,5.14,CA,1680371927
234,camabatela,-8.1881,-8.1881,17.4,98,50,1.61,AO,1680371927
235,livny,52.4253,52.4253,2.98,98,100,4.12,RU,1680371927
236,bull savanna,17.8868,17.8868,26.92,62,24,7.79,JM,1680371927
237,dawlatabad,36.4141,36.4141,19.76,53,85,1.59,AF,1680371928
238,huanren,41.2647,41.2647,9.93,40,19,0.7,CN,1680371928
239,lydenburg,-25.0978,-25.0978,14.82,85,72,1.45,ZA,1680371928
240,codrington,-38.2667,-38.2667,12.4,68,45,1.58,AU,1680371928
241,airai,-8.9266,-8.9266,15.64,95,100,0.41,TL,1680371929
242,marsh harbour,26.5412,26.5412,24.92,75,25,7.04,BS,1680371929
243,swan hill,-35.3378,-35.3378,9.96,67,0,3.78,AU,1680371930
244,gaoua,10.2992,10.2992,36.17,16,44,2.52,BF,1680371930
245,samoded,63.6083,63.6083,-4.68,94,100,1.88,RU,1680371930
246,umm kaddadah,13.6017,13.6017,23.98,10,76,5.16,SD,1680371930
247,umm lajj,25.0213,25.0213,21.94,56,5,6.04,SA,1680371931
248,syracuse,37.0881,37.0881,18.77,69,96,2.39,IT,1680371931
249,nelson bay,-32.7167,-32.7167,16.11,96,71,4.02,AU,1680371931
250,gushi,34.6425,34.6425,16.92,65,1,1.74,CN,1680371931
251,port-cartier,50.0334,50.0334,1.06,93,100,6.79,CA,1680371932
252,pacifica,37.6138,37.6138,15.54,67,0,2.57,US,1680371932
253,leshukonskoye,64.8989,64.8989,-3.39,97,100,1.65,RU,1680371932
254,namibe,-15.1961,-15.1961,24.63,82,97,4.17,AO,1680371932
255,chicama,-7.8447,-7.8447,28.3,62,87,4.87,PE,1680371933
256,soloneshnoye,51.6544,51.6544,-13.12,89,13,1.91,RU,1680371933
257,barrow,71.2906,71.2906,-15.99,92,100,2.57,US,1680371933
258,bilma,18.6853,18.6853,26.33,6,69,3.09,NE,1680371933
259,kurchum,48.5722,48.5722,-5.12,55,0,6.21,KZ,1680371934
260,murphy,33.0151,33.0151,21.59,31,0,5.14,US,1680371934
261,moron,-34.6534,-34.6534,23.3,57,7,2.81,AR,1680371934
262,lebrija,36.9208,36.9208,25.61,60,0,7.72,ES,1680371788
263,mbaiki,3.8678,3.8678,27.22,47,68,0.61,CF,1680371935
264,nueve de julio,-35.4444,-35.4444,23.31,25,16,3.58,AR,1680371935
265,nanortalik,60.1432,60.1432,-1.54,72,58,3.3,GL,1680371935
266,hualmay,-11.0964,-11.0964,26.12,75,95,3.78,PE,1680371935
267,bakchar,57.0186,57.0186,-6.05,83,99,2.6,RU,1680371935
268,margate,51.3813,51.3813,9.94,86,100,3.13,GB,1680371936
269,alpena,45.0617,45.0617,-0.82,96,100,9.26,US,1680371927
270,naze,28.3667,28.3667,16.51,90,26,3.62,JP,1680371936
271,port hardy,50.6996,50.6996,6.0,93,75,4.12,CA,1680371803
272,saint-francois,46.4154,46.4154,8.69,83,0,4.12,FR,1680371937
273,wasilla,61.5814,61.5814,-1.0,64,0,2.06,US,1680371884
274,sinnamary,5.3833,5.3833,27.29,70,36,5.61,GF,1680371937
275,rio gallegos,-51.6226,-51.6226,12.03,40,20,12.35,AR,1680371937
276,san quintin,30.4833,30.4833,16.11,64,0,6.33,MX,1680371937
277,bhaktapur,27.6833,27.6833,11.54,87,40,1.03,NP,1680371938
278,baiut,47.6167,47.6167,7.12,88,100,0.97,RO,1680371938
279,port-gentil,-0.7193,-0.7193,26.98,89,40,2.57,GA,1680371939
280,antsohihy,-14.8796,-14.8796,24.98,87,99,0.73,MG,1680371939
281,kvarkeno,52.0833,52.0833,1.75,67,51,3.98,RU,1680371939
282,haines junction,60.7522,60.7522,-4.03,68,100,5.14,CA,1680371939
283,maxixe,-23.8597,-23.8597,23.9,88,20,2.36,MZ,1680371939
284,ostrovnoy,68.0531,68.0531,-4.2,88,67,3.33,RU,1680371940
285,barstow,34.8986,34.8986,15.64,30,10,1.83,US,1680371940
286,east london,-33.0153,-33.0153,22.52,78,75,3.09,ZA,1680371940
287,brewster,41.3973,41.3973,20.86,91,100,5.66,US,1680371913
288,oda,35.1833,35.1833,10.79,72,81,4.81,JP,1680371940
289,soyo,-6.1349,-6.1349,26.9,79,67,3.76,AO,1680371941
290,san patricio,28.017,28.017,31.04,54,97,3.37,US,1680371941
291,geraldton,-28.7667,-28.7667,19.23,88,100,2.06,AU,1680371941
292,guerrero negro,27.9769,27.9769,18.34,53,1,5.63,MX,1680371942
293,goderich,43.7501,43.7501,5.18,81,75,4.63,CA,1680371943
294,kismayo,-0.3582,-0.3582,28.19,77,18,7.41,SO,1680371943
295,huallanca,-9.8993,-9.8993,7.54,96,100,2.04,PE,1680371943
296,upata,8.0086,8.0086,30.66,42,98,4.08,VE,1680371944
297,gravelbourg,49.8834,49.8834,3.15,87,36,5.45,CA,1680371944
298,talara,-4.5772,-4.5772,31.42,62,40,4.12,PE,1680371945
299,georgetown,5.4112,5.4112,28.96,83,20,1.54,MY,1680371839
300,derzhavinsk,51.1,51.1,2.36,55,0,7.42,KZ,1680371945
301,lompoc,34.6391,34.6391,16.08,70,0,4.63,US,1680371945
302,poum,-20.2333,-20.2333,25.57,75,7,1.45,NC,1680371946
303,grand junction,39.0639,39.0639,13.52,31,0,7.2,US,1680371897
304,faanui,-16.4833,-16.4833,27.82,72,22,2.13,PF,1680371947
305,burnie,-41.0667,-41.0667,9.97,90,97,3.48,AU,1680371947
306,nabire,-3.3667,-3.3667,24.6,91,100,1.03,ID,1680371948
307,katsuura,35.1333,35.1333,15.01,77,98,4.93,JP,1680371948
308,brusyliv,50.2845,50.2845,9.63,90,100,4.06,UA,1680371949
309,port macquarie,-31.4333,-31.4333,16.68,87,29,4.42,AU,1680371949
310,kabalo,-6.05,-6.05,21.28,93,55,1.31,CD,1680371949
311,talbahat,25.05,25.05,24.58,37,27,1.61,IN,1680371950
312,hamilton,39.1834,39.1834,12.07,57,75,9.26,US,1680371875
313,christchurch,-43.5333,-43.5333,15.26,82,96,0.51,NZ,1680371790
314,jurilovca,44.7667,44.7667,10.05,96,95,4.59,RO,1680371950
315,belmonte,-15.8631,-15.8631,28.67,65,10,4.99,BR,1680371950
316,ust-ishim,57.6935,57.6935,-1.45,76,85,5.37,RU,1680371951
317,tambovka,50.0969,50.0969,7.78,50,100,5.64,RU,1680371951
318,ulaanbaatar,47.9077,47.9077,-8.93,86,100,4.0,MN,1680371666
319,ulaangom,49.9811,49.9811,-12.05,61,98,0.85,MN,1680371952
320,kahului,20.8947,20.8947,24.36,83,40,5.81,US,1680371952
321,ancud,-41.8697,-41.8697,14.37,77,85,3.87,CL,1680371952
322,arman,59.7,59.7,-3.32,99,98,1.23,RU,1680371952
323,talnakh,69.4865,69.4865,-8.49,94,100,8.38,RU,1680371953
324,manggar,-2.8833,-2.8833,25.89,81,82,0.7,ID,1680371953
325,marang,5.2056,5.2056,26.95,86,89,2.38,MY,1680371953
326,bone,51.9669,51.9669,8.47,91,100,6.11,DE,1680371953
327,port hedland,-20.3167,-20.3167,27.03,78,39,3.09,AU,1680371712
328,awbari,26.5921,26.5921,23.24,11,0,3.18,LY,1680371954
329,pacific grove,36.6177,36.6177,15.23,62,0,4.02,US,1680371954
330,alofi,-19.0595,-19.0595,24.94,94,47,4.12,NU,1680371954
331,inhambane,-23.865,-23.865,23.99,88,20,2.77,MZ,1680371955
332,chifeng,42.2683,42.2683,10.36,53,23,3.12,CN,1680371955
333,hasaki,35.7333,35.7333,13.45,55,52,4.19,JP,1680371955
334,vila do maio,15.1333,15.1333,33.44,75,0,4.23,CV,1680371956
335,los llanos de aridane,28.6585,28.6585,20.86,68,0,7.2,ES,1680371956
336,yumen,40.2833,40.2833,1.04,34,82,6.58,CN,1680371957
337,kalangala,-0.3089,-0.3089,21.64,73,54,2.71,UG,1680371957
338,san-pedro,4.7485,4.7485,27.78,76,36,3.61,CI,1680371957
339,show low,34.2542,34.2542,15.16,13,0,6.17,US,1680371957
340,aklavik,68.2191,68.2191,-20.0,71,40,1.03,CA,1680371958
341,maceio,-9.6658,-9.6658,30.69,62,20,5.14,BR,1680371958
342,katangli,51.7102,51.7102,-2.11,98,92,1.96,RU,1680371958
343,richards bay,-28.783,-28.783,21.57,90,32,1.62,ZA,1680371958
344,kolosovka,56.4678,56.4678,-6.09,88,86,5.01,RU,1680371958
345,jalu,29.0331,29.0331,22.57,16,0,2.63,LY,1680371959
346,puerto escondido,15.85,15.85,30.46,70,0,3.6,MX,1680371959
347,carauari,-4.8828,-4.8828,26.48,80,100,1.67,BR,1680371960
348,belton,38.812,38.812,11.56,42,0,5.14,US,1680371960
349,jitra,6.2681,6.2681,25.94,83,20,1.54,MY,1680371961
350,mustvee,58.8486,58.8486,-1.81,93,88,5.07,EE,1680371962
351,laguna,38.421,38.421,15.24,63,65,1.79,US,1680371726
352,arlit,18.7369,18.7369,28.07,6,1,5.43,NE,1680371962
353,beyneu,45.3167,45.3167,14.96,22,100,7.41,KZ,1680371963
354,bonfim,3.0833,3.0833,36.82,26,64,4.83,BR,1680371963
355,nong khai,17.9167,17.9167,29.53,56,11,2.93,TH,1680371963
356,moyale,3.5167,3.5167,24.51,53,69,1.41,KE,1680371963
357,laguna de perlas,12.3429,12.3429,30.05,62,55,6.32,NI,1680371964
358,marquette,46.5333,46.5333,-1.24,78,99,7.15,US,1680371940
359,belle fourche,44.6714,44.6714,9.64,51,47,4.05,US,1680371964
360,demyansk,57.643,57.643,0.79,95,99,1.53,RU,1680371965
361,kirakira,-10.4544,-10.4544,25.71,84,100,1.25,SB,1680371965
362,xining,36.6167,36.6167,6.75,52,100,3.24,CN,1680371965
363,yangcun,39.3639,39.3639,11.99,38,5,3.01,CN,1680371965
364,dmitriyevka,54.75,54.75,3.75,98,100,0.51,RU,1680371966
365,altay,47.8667,47.8667,-8.76,49,95,4.36,CN,1680371966
366,lakes entrance,-37.8811,-37.8811,7.87,82,5,2.71,AU,1680371966
367,chimore,-16.9833,-16.9833,34.22,43,54,1.35,BO,1680371967
368,toora-khem,52.4675,52.4675,-15.42,96,95,1.97,RU,1680371967
369,whitehorse,60.7161,60.7161,0.05,85,100,1.54,CA,1680371864
370,benguela,-12.5763,-12.5763,26.07,79,95,1.61,AO,1680371968
371,ereymentau,51.6199,51.6199,-2.12,47,0,6.17,KZ,1680371968
372,gilgit,35.9221,35.9221,10.51,76,67,0.78,PK,1680371968
373,saryozek,44.3583,44.3583,-2.17,35,0,2.43,KZ,1680371968
374,salinas,36.6777,36.6777,15.55,62,0,0.0,US,1680371963
375,pechenga,69.5259,69.5259,-3.3,85,100,10.57,RU,1680371969
376,katobu,-4.9408,-4.9408,24.05,94,98,0.26,ID,1680371969
377,lagoa,39.05,39.05,16.08,87,100,9.66,PT,1680371970
378,bogo,11.0517,11.0517,25.48,84,75,0.45,PH,1680371970
379,dingle,10.9995,10.9995,24.53,83,83,2.13,PH,1680371970
380,old town,50.087,50.087,11.5,77,75,6.69,CZ,1680371971
381,novoilinsk,51.6829,51.6829,-8.53,55,100,4.39,RU,1680371971
382,marzuq,14.4,14.4,22.47,73,100,3.69,YE,1680371971
383,yoichi,43.2039,43.2039,4.3,86,98,2.9,JP,1680371972
384,luderitz,-26.6481,-26.6481,16.59,91,7,1.35,NA,1680371972
385,sibolga,1.7427,1.7427,24.73,88,100,1.27,ID,1680371972
386,tarsus,36.9188,36.9188,14.93,63,45,1.31,TR,1680371823
387,mecca,21.4267,21.4267,24.24,44,3,3.52,SA,1680371972
388,kiama,-34.6833,-34.6833,16.67,92,86,0.89,AU,1680371973
389,jinchang,38.4953,38.4953,4.33,50,100,6.74,CN,1680371973
390,denizli,37.8402,37.8402,13.3,69,79,3.61,TR,1680371973
391,zemio,5.0314,5.0314,28.41,33,73,1.41,CF,1680371973
392,oskarshamn,57.2645,57.2645,2.21,74,5,7.27,SE,1680371974
393,manado,1.487,1.487,23.43,100,40,1.03,ID,1680371974
394,tadpatri,14.9167,14.9167,30.08,49,79,5.84,IN,1680371975
395,magnolia,33.2671,33.2671,22.83,23,99,3.58,US,1680371744
396,lac du bonnet,50.2536,50.2536,0.97,61,33,3.44,CA,1680371975
397,bombay,19.0144,19.0144,26.99,69,38,0.0,IN,1680371862
398,road town,18.4167,18.4167,29.05,51,20,7.72,VG,1680371976
399,uusikaupunki,60.8004,60.8004,-1.66,83,7,4.6,FI,1680371976
400,rudsar,37.1376,37.1376,6.99,86,85,2.44,IR,1680371976
401,voznesenye,61.0106,61.0106,-2.47,94,100,1.39,RU,1680371977
402,prince rupert,54.3161,54.3161,3.05,93,75,8.23,CA,1680371707
403,hammerfest,70.6634,70.6634,-2.75,74,75,9.26,NO,1680371977
404,mizdah,31.4451,31.4451,23.92,14,0,2.6,LY,1680371977
405,victoria,22.2855,22.2855,22.19,92,100,4.92,HK,1680371308
406,ponta do sol,32.6667,32.6667,24.28,71,6,4.87,PT,1680371977
407,praia,14.9215,14.9215,33.3,24,0,7.72,CV,1680371978
408,ixtapa,20.7,20.7,24.57,61,75,6.17,MX,1680371978
409,angoche,-16.2325,-16.2325,24.93,80,84,4.17,MZ,1680371978
410,kovernino,57.1253,57.1253,3.12,86,93,3.36,RU,1680371979
411,presidencia roque saenz pena,-26.7852,-26.7852,30.81,43,12,2.74,AR,1680371979
412,willimantic,41.7107,41.7107,16.02,75,100,5.67,US,1680371979
413,abu dhabi,24.4667,24.4667,23.06,79,20,5.14,AE,1680371979
414,torbay,47.6666,47.6666,6.53,52,75,8.23,CA,1680371979
415,lavrentiya,65.5833,65.5833,-7.33,97,100,2.45,RU,1680371980
416,erzin,36.9559,36.9559,10.84,85,25,1.89,TR,1680371980
417,bure,10.7,10.7,19.85,30,95,2.25,ET,1680371980
418,guican,6.4618,6.4618,14.51,78,81,0.22,CO,1680371980
419,tawang,27.5833,27.5833,2.02,92,96,1.41,IN,1680371981
420,mahebourg,-20.4081,-20.4081,26.81,78,20,2.57,MU,1680371981
421,miri,4.4148,4.4148,26.08,94,40,0.51,MY,1680371981
422,huancavelica,-12.7667,-12.7667,6.47,77,100,3.04,PE,1680371981
423,peniche,39.3558,39.3558,16.83,94,46,6.62,PT,1680371747
424,hofn,64.2539,64.2539,5.51,78,7,3.63,IS,1680371981
425,avera,33.194,33.194,25.73,85,100,7.2,US,1680371982
426,nantucket,41.2835,41.2835,11.19,95,100,16.9,US,1680371982
427,abu samrah,35.3029,35.3029,10.71,75,15,3.5,SY,1680371982
428,thunder bay,48.4001,48.4001,-2.05,37,0,1.54,CA,1680371934
429,canutama,-6.5339,-6.5339,29.7,67,99,1.87,BR,1680371982
430,longonjo,-12.9067,-12.9067,17.62,94,98,1.4,AO,1680371983
431,paamiut,61.994,61.994,-3.69,61,100,4.87,GL,1680371983
432,tabou,4.423,4.423,27.76,77,35,3.32,CI,1680371983
433,aswan,24.0934,24.0934,25.61,15,0,2.57,EG,1680371983
434,coahuayana,18.7333,18.7333,33.07,29,33,3.55,MX,1680371984
435,warri,5.5167,5.5167,26.88,82,99,2.51,NG,1680371984
436,sur,22.5667,22.5667,27.47,57,43,4.14,OM,1680371985
437,ugoofaaru,5.6667,5.6667,28.33,70,42,3.44,MV,1680371985
438,mihail kogalniceanu,44.3667,44.3667,11.27,93,92,2.68,RO,1680371986
439,totness,5.8833,5.8833,28.19,67,74,6.18,SR,1680371986
440,marovoay,-16.1,-16.1,26.88,71,90,0.97,MG,1680371986
441,sambava,-14.2667,-14.2667,25.35,88,100,2.56,MG,1680371986
442,metzingen,48.5369,48.5369,10.31,72,20,3.6,DE,1680371986
443,halifax,44.6453,44.6453,2.6,96,100,8.75,CA,1680371507
444,genhe,50.7833,50.7833,-0.2,96,99,1.61,CN,1680371987
445,bubaque,11.2833,11.2833,25.47,73,1,7.23,GW,1680371987
446,krasnyy kurgan,43.9422,43.9422,2.49,78,58,1.73,RU,1680371987
447,sao joao da barra,-21.6403,-21.6403,35.05,73,65,5.12,BR,1680371988
448,shimoda,34.6667,34.6667,12.84,85,90,6.15,JP,1680371988
449,komsomolskiy,40.4272,40.4272,17.4,45,91,3.09,UZ,1680371988
450,saldanha,-33.0117,-33.0117,23.03,83,5,6.88,ZA,1680371988
451,haifa,32.8156,32.8156,15.65,73,12,2.73,IL,1680371989
452,klaipeda,55.7172,55.7172,2.03,78,100,8.85,LT,1680371989
453,patan,27.6667,27.6667,11.67,87,40,1.03,NP,1680371989
454,graaff-reinet,-32.2522,-32.2522,19.4,47,55,1.85,ZA,1680371989
455,ostersund,63.1792,63.1792,0.25,47,12,3.6,SE,1680371990
456,caravelas,-17.7125,-17.7125,30.06,58,0,4.85,BR,1680371990
457,cap malheureux,-19.9842,-19.9842,26.93,72,31,2.68,MU,1680371990
458,sapatgram,26.3334,26.3334,20.27,82,76,2.83,IN,1680371990
459,westport,41.1415,41.1415,17.74,91,100,1.34,US,1680371991
460,dunedin,-45.8742,-45.8742,17.11,53,77,3.25,NZ,1680371980
461,terrace,54.5163,54.5163,3.95,87,75,7.72,CA,1680371991
462,hithadhoo,-0.6,-0.6,28.08,71,78,2.28,MV,1680371805
463,santa isabel do rio negro,-0.4139,-0.4139,28.31,85,98,1.58,BR,1680371991
464,lhokseumawe,5.1801,5.1801,26.37,83,89,2.83,ID,1680371992
465,muli,2.9167,2.9167,28.1,72,11,1.67,MV,1680371992
466,sanmenxia,34.7747,34.7747,15.92,74,44,6.66,CN,1680371992
467,xique-xique,-10.8218,-10.8218,31.03,42,92,1.21,BR,1680371992
468,okhotsk,59.3833,59.3833,-5.26,97,100,0.03,RU,1680371992
469,riyadh,24.6877,24.6877,19.08,20,41,4.41,SA,1680371821
470,aranos,-24.1333,-24.1333,24.9,10,0,1.22,NA,1680371993
471,contamana,-7.3333,-7.3333,23.0,98,100,1.13,PE,1680371994
472,zaragoza,41.6561,41.6561,10.45,69,75,8.75,ES,1680371805
473,zionsville,39.9509,39.9509,5.66,71,100,11.83,US,1680371949
474,oxford,51.7522,51.7522,10.1,76,75,4.63,GB,1680371994
475,vila,42.0304,42.0304,11.5,69,82,2.15,PT,1680371994
476,magog,45.2668,45.2668,13.24,87,96,6.17,CA,1680371918
477,boyolangu,-8.1181,-8.1181,23.87,87,100,0.4,ID,1680371995
478,moindou,-21.6924,-21.6924,24.97,87,21,1.06,NC,1680371995
479,vezirkopru,41.1436,41.1436,9.27,69,59,1.71,TR,1680371995
480,yavaros,26.7,26.7,28.03,24,77,5.54,MX,1680371995
481,matamoros,25.5333,25.5333,26.73,34,69,4.71,MX,1680371839
482,huntsville,34.7304,34.7304,25.46,31,0,9.26,US,1680371820
483,ust-omchug,61.15,61.15,-13.53,98,90,2.67,RU,1680371996
484,monrovia,6.3005,6.3005,30.87,77,68,3.71,LR,1680371996
485,mpika,-11.8343,-11.8343,15.23,98,100,0.86,ZM,1680371997
486,lorengau,-2.0226,-2.0226,26.69,79,98,1.89,PG,1680371997
487,jimo,36.3897,36.3897,7.88,76,0,2.0,CN,1680371997
488,kargasok,59.0556,59.0556,-3.29,81,100,5.94,RU,1680371998
489,pudozh,61.8099,61.8099,-3.6,97,100,1.27,RU,1680371998
490,capoeiras,-8.7347,-8.7347,27.96,39,52,2.97,BR,1680371998
491,horuphav,54.9102,54.9102,4.97,70,85,6.17,DK,1680371999
492,orlik,52.5178,52.5178,-22.84,97,84,0.43,RU,1680371999
493,yinchuan,38.4681,38.4681,14.22,24,97,9.61,CN,1680371999
494,bonoua,5.2741,5.2741,29.79,75,58,3.4,CI,1680371999
495,west wendover,40.7391,40.7391,7.56,42,0,2.06,US,1680371999
496,itarantim,-15.6597,-15.6597,34.43,30,2,3.09,BR,1680372000
497,biak,-0.9131,-0.9131,24.43,77,100,0.95,ID,1680372000
498,yulara,-25.2406,-25.2406,15.35,80,77,2.75,AU,1680372001
499,kiunga,-6.1219,-6.1219,22.43,100,82,0.64,PG,1680372011
500,mweka,-4.85,-4.85,21.86,94,100,1.18,CD,1680372011
501,kathu,7.9178,7.9178,27.9,75,39,3.47,TH,1680372014
502,kirya,-3.9167,-3.9167,27.19,56,82,2.72,TZ,1680372015
503,dauriya,49.9333,49.9333,-0.65,58,83,3.07,RU,1680372016
504,sobolevo,54.4299,54.4299,7.12,90,100,2.86,RU,1680372017
505,seydi,39.4816,39.4816,22.1,24,100,9.35,TM,1680372023
506,zhumadian,32.9794,32.9794,12.6,78,66,2.85,CN,1680371801
507,raton,36.9034,36.9034,11.19,16,1,6.18,US,1680372027
508,clyde river,70.4692,70.4692,-21.87,84,20,6.17,CA,1680372029
509,along,28.1667,28.1667,16.32,97,100,0.33,IN,1680372030
510,green valley,31.8543,31.8543,24.27,15,25,3.15,US,1680371892
511,nuevo progreso,23.1667,23.1667,29.38,60,68,3.58,MX,1680372096
512,manzanillo,20.3433,20.3433,33.37,32,0,2.6,CU,1680372020
513,nogliki,51.8333,51.8333,-1.89,98,83,2.58,RU,1680372096
514,oranjemund,-28.55,-28.55,16.95,92,6,3.29,NA,1680372096
515,fort saint james,54.4333,54.4333,2.07,72,22,2.07,CA,1680372096
516,hirara,24.8,24.8,20.92,83,100,6.69,JP,1680372097
517,henties bay,-22.116,-22.116,16.59,84,2,3.53,NA,1680371987
518,santa maria,-29.6842,-29.6842,20.61,43,0,2.57,BR,1680371884
519,maymyo,22.0333,22.0333,19.87,52,61,0.67,MM,1680372097
520,zyryanka,65.75,65.75,-19.16,98,100,5.75,RU,1680372097
521,mandan,46.8267,46.8267,1.56,73,0,7.72,US,1680372097
522,bodinayakkanur,10.0167,10.0167,26.18,74,75,0.77,IN,1680372098
523,launceston,-41.45,-41.45,6.8,87,83,2.06,AU,1680372098
524,tuy hoa,13.0833,13.0833,22.4,90,49,1.56,VN,1680372098
525,kota belud,6.351,6.351,24.78,87,100,1.93,MY,1680372099
526,wanning,18.8003,18.8003,24.8,90,25,3.53,CN,1680372099
527,bay roberts,47.5999,47.5999,6.95,59,15,5.52,CA,1680372099
528,shingu,33.7333,33.7333,13.23,69,94,3.05,JP,1680372027
529,gewane,10.1664,10.1664,26.68,61,100,1.88,ET,1680372100
530,kovur,14.4833,14.4833,26.05,78,94,2.99,IN,1680372101
531,sabya,17.1495,17.1495,27.79,66,90,4.24,SA,1680372101
532,danielskuil,-28.1887,-28.1887,20.82,28,10,2.43,ZA,1680372101
533,ambunti,-4.2365,-4.2365,22.81,99,71,0.32,PG,1680372101
534,bonthe,7.5264,7.5264,28.41,71,56,3.74,SL,1680372102
535,eidfjord,60.4675,60.4675,-0.75,72,8,2.43,NO,1680372102
536,xiashi,30.5363,30.5363,12.01,85,0,2.63,CN,1680372102
537,blackfoot,43.1905,43.1905,6.7,71,100,6.11,US,1680372062
538,north myrtle beach,33.816,33.816,27.43,83,100,5.81,US,1680372076
539,hundested,55.9667,55.9667,6.16,58,3,8.55,DK,1680372102
540,lerwick,60.1545,60.1545,7.0,67,73,4.52,GB,1680372102
541,aykhal,66.0,66.0,-15.15,92,96,9.63,RU,1680372103
542,rehoboth,-23.3167,-23.3167,21.99,20,3,5.74,NA,1680372103
543,miraflores,19.2167,19.2167,24.46,20,1,1.12,MX,1680372103
544,ivdel,60.6911,60.6911,2.99,91,100,3.45,RU,1680372103
545,mogadishu,2.0371,2.0371,28.07,69,66,6.66,SO,1680372035
546,banda aceh,5.5577,5.5577,26.63,80,87,1.87,ID,1680372104
547,surok,56.4469,56.4469,3.44,84,53,2.39,RU,1680372104
548,kangaatsiaq,68.3065,68.3065,-16.18,86,100,3.25,GL,1680372058
549,nangavalli,11.75,11.75,26.91,66,76,1.66,IN,1680372104
550,akureyri,65.6835,65.6835,6.96,57,20,5.66,IS,1680372105
551,punta de piedra,7.6176,7.6176,30.16,56,90,4.4,VE,1680372105
552,pandan,14.0453,14.0453,24.55,87,100,1.06,PH,1680372105
553,nezhinka,51.7676,51.7676,9.09,46,0,7.15,RU,1680372105
554,antofagasta,-23.65,-23.65,23.6,76,39,2.99,CL,1680372105
555,kushmurun,52.4503,52.4503,-0.36,72,0,4.93,KZ,1680372106
556,iquique,-20.2208,-20.2208,27.02,73,51,2.67,CL,1680372053
557,crib point,-38.35,-38.35,12.14,91,34,1.68,AU,1680372106
558,ponca city,36.707,36.707,14.97,30,0,1.34,US,1680372040
559,ipora,-16.4419,-16.4419,29.5,51,48,0.45,BR,1680371945
560,camapua,-19.5314,-19.5314,29.56,57,4,2.96,BR,1680372107
561,seoul,37.5683,37.5683,10.66,62,40,2.06,KR,1680371445
562,la grande,45.3246,45.3246,5.56,80,100,4.63,US,1680371873
563,steffisburg,46.7781,46.7781,8.63,63,40,3.09,CH,1680372108
564,bethanien,-26.502,-26.502,23.25,24,0,6.07,NA,1680372109
565,kenora,49.8167,49.8167,-1.46,34,20,3.6,CA,1680372109
566,chute-aux-outardes,49.1168,49.1168,-0.01,86,100,10.29,CA,1680372109
567,rupert,42.6191,42.6191,6.7,51,100,7.84,US,1680372110
568,bandarbeyla,9.4942,9.4942,27.56,71,26,4.37,SO,1680372110
569,whitefish,48.4111,48.4111,5.03,75,75,5.66,US,1680371861
570,rio grande,-32.035,-32.035,24.06,51,20,8.51,BR,1680372110
571,tecolutla,20.4833,20.4833,27.63,74,72,1.89,MX,1680372111
572,wattegama,6.7989,6.7989,23.18,94,20,1.1,LK,1680372111
573,college,64.8569,64.8569,-7.66,68,100,0.41,US,1680372111
574,mahanoro,-19.9,-19.9,24.97,86,50,0.47,MG,1680372112
575,berlevag,70.8578,70.8578,-2.03,64,100,11.32,NO,1680372112
576,guapi,2.5708,2.5708,28.72,81,54,2.94,CO,1680372113
577,payo,-3.7508,-3.7508,22.34,97,100,0.68,ID,1680372113
